{
  "runtimeOptions": {
    "tfm": "net9.0",
    "includedFrameworks": [
      {
        "name": "Microsoft.NETCore.App",
        "version": "9.0.1"
      },
      {
        "name": "Microsoft.AspNetCore.App",
        "version": "9.0.1"
      }
    ],
    "configProperties": {
      "System.GC.Server": true,
      "System.Reflection.Metadata.MetadataUpdater.IsSupported": false,
      "System.Reflection.NullabilityInfoContext.IsSupported": true,
      "System.Runtime.Serialization.EnableUnsafeBinaryFormatterSerialization": false
    }
  }
}